{
  "global_context": {
    "always_load": ["sla.pdf"],
    "description": "Files that should be loaded for every analysis"
  },
  "product_lines": {
    "F-Series": {
      "description": "High-performance NVMe all-flash storage systems",
      "target_use": "Mission-critical workloads requiring maximum IOPS and lowest latency",
      "controller_type": "Dual controller (HA)",
      "storage_type": "NVMe flash only",
      "models": ["F60", "F100", "F130"],
      "pdf_files": ["products/f-series-manual.pdf", "products/f-series-troubleshooting.pdf"],
      "key_features": [
        "NVMe-oF support",
        "Sub-millisecond latency",
        "Inline deduplication and compression",
        "Synchronous replication"
      ],
      "common_issues": [
        "NVMe drive firmware compatibility",
        "RDMA network configuration",
        "Performance tuning for specific workloads"
      ],
      "support_priority": "Critical - typically production databases and VDI"
    },
    "M-Series": {
      "description": "Unified all-flash and hybrid storage systems",
      "target_use": "General enterprise workloads, virtualization, file services",
      "controller_type": "Dual controller (HA)",
      "storage_type": "All-flash or hybrid (SSD + HDD)",
      "models": ["M30", "M40", "M50", "M60"],
      "pdf_files": ["products/m-series-manual.pdf", "products/m-series-troubleshooting.pdf"],
      "key_features": [
        "Unified block and file storage",
        "SMB/NFS/iSCSI/FC support",
        "Snapshots and replication",
        "ZFS self-healing"
      ],
      "common_issues": [
        "ALUA/MPIO configuration",
        "Replication performance",
        "Pool expansion procedures",
        "Mixed workload optimization"
      ],
      "support_priority": "High - core infrastructure for most deployments"
    },
    "H-Series": {
      "description": "Versatile hybrid storage for mixed workloads",
      "target_use": "Backup, archive, secondary storage, development environments",
      "controller_type": "Dual controller (HA)",
      "storage_type": "Hybrid (SSD cache + HDD capacity)",
      "models": ["H10", "H20", "H30"],
      "pdf_files": ["products/h-series-manual.pdf"],
      "key_features": [
        "Cost-effective capacity",
        "SSD read/write cache",
        "Cloud backup integration",
        "Data lifecycle management"
      ],
      "common_issues": [
        "Cache sizing and performance",
        "Disk replacement procedures",
        "Backup job optimization",
        "Capacity planning"
      ],
      "support_priority": "Medium - often non-production but high capacity"
    },
    "R-Series": {
      "description": "Single controller systems for edge and ROBO deployments",
      "target_use": "Remote offices, edge computing, small deployments",
      "controller_type": "Single controller (no HA)",
      "storage_type": "All-flash or hybrid",
      "models": ["R10", "R20", "R30"],
      "pdf_files": ["products/r-series-manual.pdf"],
      "key_features": [
        "Compact form factor",
        "Lower cost entry point",
        "Replication to central site",
        "Simple management"
      ],
      "common_issues": [
        "Single point of failure concerns",
        "Remote management access",
        "WAN replication performance",
        "Firmware update scheduling"
      ],
      "support_priority": "Medium - critical awareness of no HA"
    }
  },
  "serial_prefixes": {
    "A1": "M-Series",
    "A2": "F-Series",
    "B1": "H-Series",
    "B2": "R-Series"
  },
  "series_letter_mapping": {
    "F": "F-Series",
    "M": "M-Series",
    "H": "H-Series",
    "R": "R-Series"
  },
  "severity_by_product": {
    "F-Series": {
      "production_down": "S1 - Immediate escalation, typically database/VDI impact",
      "performance_degraded": "S1/S2 - High priority due to latency-sensitive workloads",
      "feature_issue": "S3 - Standard handling"
    },
    "M-Series": {
      "production_down": "S1 - Core infrastructure, wide impact likely",
      "performance_degraded": "S2 - Affects multiple services",
      "feature_issue": "S3 - Standard handling"
    },
    "H-Series": {
      "production_down": "S2 - Often backup/secondary, but verify impact",
      "performance_degraded": "S3 - Expected for capacity-tier workloads",
      "feature_issue": "S3/S4 - Lower priority"
    },
    "R-Series": {
      "production_down": "S2 - Single site impact, no HA available",
      "performance_degraded": "S3 - Limited scope",
      "feature_issue": "S3/S4 - Standard handling"
    }
  },
  "support_considerations": {
    "dual_controller": [
      "Failover testing may be requested",
      "ALUA path management critical",
      "Controller firmware must match",
      "Active-Active vs Active-Passive configuration"
    ],
    "single_controller": [
      "No failover capability - downtime for maintenance",
      "Emphasize backup/replication importance",
      "Schedule maintenance windows carefully",
      "Consider upgrade path to HA if critical"
    ],
    "flash_storage": [
      "Wear leveling monitoring",
      "Endurance tracking",
      "Firmware compatibility critical",
      "Performance baseline establishment"
    ],
    "hybrid_storage": [
      "Cache hit ratio monitoring",
      "Tier management optimization",
      "Disk predictive failure alerts",
      "Capacity vs performance balance"
    ]
  }
}
